{
  "SchemaVersion": 1.59, 
  "SavedSettings": {
    "Custom": {
      "fonts": {
        "series": {
          "align": "center", 
          "name": null, 
          "size": 26
        }, 
        "title": {
          "align": "center", 
          "name": null, 
          "size": 44
        }, 
        "author": {
          "align": "center", 
          "name": null, 
          "size": 28
        }, 
        "custom": {
          "align": "center", 
          "name": null, 
          "size": 24
        }
      }, 
      "name": "Custom", 
      "fieldOrder": [
        {
          "name": "Title", 
          "display": true
        }, 
        {
          "name": "Author", 
          "display": true
        }, 
        {
          "name": "Series", 
          "display": true
        }, 
        {
          "name": "Image", 
          "display": false
        }, 
        {
          "name": "Custom Text", 
          "display": false
        }
      ], 
      "seriesText": "\\n\\n\\n\\n\\n{series}\\nBook {series_index}", 
      "colorApplyStroke": false, 
      "margins": {
        "right": 0, 
        "bottom": 10, 
        "text": 30, 
        "top": 80, 
        "image": 10, 
        "left": 0
      }, 
      "swapAuthor": false, 
      "resizeToImage": false, 
      "imageFile": "{Default Image}", 
      "colors": {
        "stroke": "#000000", 
        "border": "#000000", 
        "background": "#ffffff", 
        "fill": "#000000"
      }, 
      "fontsAutoReduced": true, 
      "backgroundImage": false, 
      "resizeImageToFit": false, 
      "fontsLinked": false, 
      "borders": {
        "coverBorder": 5, 
        "imageBorder": 0
      }, 
      "customText": "", 
      "size": [
        490, 
        750
      ]
    }
  }
}